-- VETERINARIO



CREATE USER IF NOT EXISTS '15887739223'@'localhost' IDENTIFIED BY '72776562159603421323494213068919658392';
insert into sghvet.usuario(cpf, tipo) VALUES ('15887739223','VETERINARIO'); 
insert into veterinario (nome, cpf, dataNasc, cargo, contato, email, crmv) values ('vetteste1','15887739223','1990-01-10','CLINICO','81906070502','vetteste1@email.com','12345678');

CREATE USER IF NOT EXISTS '35104314308'@'localhost' IDENTIFIED BY '72776562159603421323494213068919658392';
insert into sghvet.usuario(cpf, tipo) VALUES ('35104314308','VETERINARIO'); 
insert into veterinario (nome, cpf, dataNasc, cargo, contato, email, crmv) values ('vetteste2','35104314308','1990-01-12','CLINICO','81906070502','vetteste2@email.com','12345678108');

CREATE USER IF NOT EXISTS '86783251357'@'localhost' IDENTIFIED BY '72776562159603421323494213068919658392';
insert into sghvet.usuario(cpf, tipo) VALUES ('86783251357','VETERINARIO'); 
insert into veterinario (nome, cpf, dataNasc, cargo, contato, email, crmv) values ('vetteste2','86783251357','1990-01-12','CLINICO','81906070502','vetteste2@email.com','12345678108');

CREATE USER IF NOT EXISTS '07150968937'@'localhost' IDENTIFIED BY '72776562159603421323494213068919658392';
insert into sghvet.usuario(cpf, tipo) VALUES ('07150968937','VETERINARIO'); 
insert into veterinario (nome, cpf, dataNasc, cargo, contato, email, crmv) values ('vetteste2','07150968937','1990-01-12','CLINICO','81906070502','vetteste2@email.com','12345678108');

CREATE USER IF NOT EXISTS '43724635451'@'localhost' IDENTIFIED BY '72776562159603421323494213068919658392';
insert into sghvet.usuario(cpf, tipo) VALUES ('43724635451','VETERINARIO'); 
insert into veterinario (nome, cpf, dataNasc, cargo, contato, email, crmv) values ('vetteste2','43724635451','1990-01-12','CLINICO','81906070502','vetteste2@email.com','12345678108');

CREATE USER IF NOT EXISTS '71822605148'@'localhost' IDENTIFIED BY '72776562159603421323494213068919658392';
insert into sghvet.usuario(cpf, tipo) VALUES ('71822605148','VETERINARIO'); 
insert into veterinario (nome, cpf, dataNasc, cargo, contato, email, crmv) values ('vetteste2','71822605148','1990-01-12','CLINICO','81906070502','vetteste2@email.com','12345678108');

CREATE USER IF NOT EXISTS '14859734220'@'localhost' IDENTIFIED BY '72776562159603421323494213068919658392';
insert into sghvet.usuario(cpf, tipo) VALUES ('14859734220','VETERINARIO'); 
insert into veterinario (nome, cpf, dataNasc, cargo, contato, email, crmv) values ('vetteste2','14859734220','1990-01-12','CLINICO','81906070502','vetteste2@email.com','12345678108');

CREATE USER IF NOT EXISTS '48247875136'@'localhost' IDENTIFIED BY '72776562159603421323494213068919658392';
insert into sghvet.usuario(cpf, tipo) VALUES ('48247875136','VETERINARIO'); 
insert into veterinario (nome, cpf, dataNasc, cargo, contato, email, crmv) values ('vetteste2','48247875136','1990-01-12','CIRURGIAO','81906070502','vetteste2@email.com','12345678108');

CREATE USER IF NOT EXISTS '65883643264'@'localhost' IDENTIFIED BY '72776562159603421323494213068919658392';
insert into sghvet.usuario(cpf, tipo) VALUES ('65883643264','VETERINARIO'); 
insert into veterinario (nome, cpf, dataNasc, cargo, contato, email, crmv) values ('vetteste2','65883643264','1990-01-12','CIRURGIAO','81906070502','vetteste2@email.com','12345678108');

CREATE USER IF NOT EXISTS '48467383100'@'localhost' IDENTIFIED BY '72776562159603421323494213068919658392';
insert into sghvet.usuario(cpf, tipo) VALUES ('48467383100','VETERINARIO'); 
insert into veterinario (nome, cpf, dataNasc, cargo, contato, email, crmv) values ('vetteste2','48467383100','1990-01-12','CIRURGIAO','81906070502','vetteste2@email.com','12345678108');

CREATE USER IF NOT EXISTS '21778247458'@'localhost' IDENTIFIED BY '72776562159603421323494213068919658392';
insert into sghvet.usuario(cpf, tipo) VALUES ('21778247458','VETERINARIO'); 
insert into veterinario (nome, cpf, dataNasc, cargo, contato, email, crmv) values ('vetteste2','21778247458','1990-01-12','CIRURGIAO','81906070502','vetteste2@email.com','12345678108');

CREATE USER IF NOT EXISTS '38437823773'@'localhost' IDENTIFIED BY '72776562159603421323494213068919658392';
insert into sghvet.usuario(cpf, tipo) VALUES ('38437823773','VETERINARIO'); 
insert into veterinario (nome, cpf, dataNasc, cargo, contato, email, crmv) values ('vetteste2','38437823773','1990-01-12','CIRURGIAO','81906070502','vetteste2@email.com','12345678108');

CREATE USER IF NOT EXISTS '21187412198'@'localhost' IDENTIFIED BY '72776562159603421323494213068919658392';
insert into sghvet.usuario(cpf, tipo) VALUES ('21187412198','VETERINARIO'); 
insert into veterinario (nome, cpf, dataNasc, cargo, contato, email, crmv) values ('vetteste2','21187412198','1990-01-12','CIRURGIAO','81906070502','vetteste2@email.com','12345678108');

CREATE USER IF NOT EXISTS '21794181245'@'localhost' IDENTIFIED BY '72776562159603421323494213068919658392';
insert into sghvet.usuario(cpf, tipo) VALUES ('21794181245','VETERINARIO'); 
insert into veterinario (nome, cpf, dataNasc, cargo, contato, email, crmv) values ('vetteste2','21794181245','1990-01-12','CIRURGIAO','81906070502','vetteste2@email.com','12345678108');

CREATE USER IF NOT EXISTS '52131054165'@'localhost' IDENTIFIED BY '72776562159603421323494213068919658392';
insert into sghvet.usuario(cpf, tipo) VALUES ('52131054165','VETERINARIO'); 
insert into veterinario (nome, cpf, dataNasc, cargo, contato, email, crmv) values ('vetteste2','52131054165','1990-01-12','CIRURGIAO','81906070502','vetteste2@email.com','12345678108');


-- ADMNISTRATIVO


CREATE USER IF NOT EXISTS '62663082589'@'localhost' IDENTIFIED BY '225924457817391587456758655622674699859';
insert into sghvet.usuario(cpf, tipo) VALUES ('62663082589','ADMINISTRATIVO'); 
insert into administrativo (nome, cpf, dataNasc, cargo, contato, email)values('admteste1','62663082589','1989-10-01','ATENDENTE','81910320867','admteste1@email.com');

CREATE USER IF NOT EXISTS '68847816530'@'localhost' IDENTIFIED BY '225924457817391587456758655622674699859';
insert into sghvet.usuario(cpf, tipo) VALUES ('68847816530','ADMINISTRATIVO'); 
insert into administrativo (nome, cpf, dataNasc, cargo, contato, email)values('admteste1','68847816530','1989-07-12','ATENDENTE','81910320567','admteste2@email.com');

CREATE USER IF NOT EXISTS '61289953813'@'localhost' IDENTIFIED BY '225924457817391587456758655622674699859';
insert into sghvet.usuario(cpf, tipo) VALUES ('61289953813','ADMINISTRATIVO'); 
insert into administrativo (nome, cpf, dataNasc, cargo, contato, email)values('admteste1','61289953813','1989-10-01','ATENDENTE','81910320867','admteste1@email.com');

CREATE USER IF NOT EXISTS '78486222230'@'localhost' IDENTIFIED BY '225924457817391587456758655622674699859';
insert into sghvet.usuario(cpf, tipo) VALUES ('78486222230','ADMINISTRATIVO'); 
insert into administrativo (nome, cpf, dataNasc, cargo, contato, email)values('admteste1','78486222230','1989-07-12','ATENDENTE','81910320567','admteste2@email.com');

CREATE USER IF NOT EXISTS '74486721500'@'localhost' IDENTIFIED BY '225924457817391587456758655622674699859';
insert into sghvet.usuario(cpf, tipo) VALUES ('74486721500','ADMINISTRATIVO'); 
insert into administrativo (nome, cpf, dataNasc, cargo, contato, email)values('admteste1','74486721500','1989-10-01','ATENDENTE','81910320867','admteste1@email.com');

CREATE USER IF NOT EXISTS '25213335306'@'localhost' IDENTIFIED BY '225924457817391587456758655622674699859';
insert into sghvet.usuario(cpf, tipo) VALUES ('25213335306','ADMINISTRATIVO'); 
insert into administrativo (nome, cpf, dataNasc, cargo, contato, email)values('admteste1','25213335306','1989-07-12','ATENDENTE','81910320567','admteste2@email.com');

CREATE USER IF NOT EXISTS '66726685432'@'localhost' IDENTIFIED BY '225924457817391587456758655622674699859';
insert into sghvet.usuario(cpf, tipo) VALUES ('66726685432','ADMINISTRATIVO'); 
insert into administrativo (nome, cpf, dataNasc, cargo, contato, email)values('admteste1','66726685432','1989-10-01','ATENDENTE','81910320867','admteste1@email.com');

CREATE USER IF NOT EXISTS '81889634379'@'localhost' IDENTIFIED BY '225924457817391587456758655622674699859';
insert into sghvet.usuario(cpf, tipo) VALUES ('81889634379','ADMINISTRATIVO'); 
insert into administrativo (nome, cpf, dataNasc, cargo, contato, email)values('admteste1','81889634379','1989-07-12','ATENDENTE','81910320567','admteste2@email.com');



-- AUXILIAR



CREATE USER IF NOT EXISTS '92111807320'@'localhost' IDENTIFIED BY '32132284830152013577255565556480929325';
insert into sghvet.usuario(cpf, tipo) VALUES ('92111807320','AUXILIAR'); 
insert into auxiliar (nome, cpf, dataNasc, cargo,crf, contato, email)values('auxiliarteste1','92111807320','1987-01-08','LABORATORIO','1222','81907646578','auxiliar1@email.com');


CREATE USER IF NOT EXISTS '34136723989'@'localhost' IDENTIFIED BY '32132284830152013577255565556480929325';
insert into sghvet.usuario(cpf, tipo) VALUES ('34136723989','AUXILIAR'); 
insert into auxiliar (nome, cpf, dataNasc, cargo,crf, contato, email)values('auxiliarteste2','34136723989','1987-01-08','LABORATORIO','2345','81907646789','auxiliar2@email.com');


CREATE USER IF NOT EXISTS '76141912699'@'localhost' IDENTIFIED BY '32132284830152013577255565556480929325';
insert into sghvet.usuario(cpf, tipo) VALUES ('76141912699','AUXILIAR'); 
insert into auxiliar (nome, cpf, dataNasc, cargo,crf, contato, email)values('auxiliarteste1','76141912699','1987-01-08','LABORATORIO','1134','81907646578','auxiliar1@email.com');


CREATE USER IF NOT EXISTS '65254382767'@'localhost' IDENTIFIED BY '32132284830152013577255565556480929325';
insert into sghvet.usuario(cpf, tipo) VALUES ('65254382767','AUXILIAR'); 
insert into auxiliar (nome, cpf, dataNasc, cargo,crf,contato, email)values('auxiliarteste2','65254382767','1987-01-08','LABORATORIO','5555','81907646789','auxiliar2@email.com');


CREATE USER IF NOT EXISTS '50493798226'@'localhost' IDENTIFIED BY '32132284830152013577255565556480929325';
insert into sghvet.usuario(cpf, tipo) VALUES ('50493798226','AUXILIAR'); 
insert into auxiliar (nome, cpf, dataNasc, cargo,crf, contato, email)values('auxiliarteste1','50493798226','1987-01-08','LABORATORIO','0409','81907646578','auxiliar1@email.com');


CREATE USER IF NOT EXISTS '11978685777'@'localhost' IDENTIFIED BY '32132284830152013577255565556480929325';
insert into sghvet.usuario(cpf, tipo) VALUES ('11978685777','AUXILIAR'); 
insert into auxiliar (nome, cpf, dataNasc, cargo, contato, email)values('auxiliarteste2','11978685777','1987-01-08','FARMACEUTICO','81907646789','auxiliar2@email.com');


CREATE USER IF NOT EXISTS '62277516180'@'localhost' IDENTIFIED BY '32132284830152013577255565556480929325';
insert into sghvet.usuario(cpf, tipo) VALUES ('62277516180','AUXILIAR'); 
insert into auxiliar (nome, cpf, dataNasc, cargo, contato, email)values('auxiliarteste1','62277516180','1987-01-08','FARMACEUTICO','81907646578','auxiliar1@email.com');


CREATE USER IF NOT EXISTS '46573024699'@'localhost' IDENTIFIED BY '32132284830152013577255565556480929325';
insert into sghvet.usuario(cpf, tipo) VALUES ('46573024699','AUXILIAR'); 
insert into auxiliar (nome, cpf, dataNasc, cargo, contato, email)values('auxiliarteste2','46573024699','1987-01-08','FARMACEUTICO','81907646789','auxiliar2@email.com');


CREATE USER IF NOT EXISTS '30280973705'@'localhost' IDENTIFIED BY '32132284830152013577255565556480929325';
insert into sghvet.usuario(cpf, tipo) VALUES ('30280973705','AUXILIAR'); 
insert into auxiliar (nome, cpf, dataNasc, cargo, contato, email)values('auxiliarteste1','30280973705','1987-01-08','FARMACEUTICO','81907646578','auxiliar1@email.com');


CREATE USER IF NOT EXISTS '54945999813'@'localhost' IDENTIFIED BY '32132284830152013577255565556480929325';
insert into sghvet.usuario(cpf, tipo) VALUES ('54945999813','AUXILIAR'); 
insert into auxiliar (nome, cpf, dataNasc, cargo, contato, email)values('auxiliarteste2','54945999813','1987-01-08','FARMACEUTICO','81907646789','auxiliar2@email.com');


-- ------------------------------------------------------------------------------------------------

-- TUTOR
insert into sghvet.tutor (nome, cpf, sexo, contato)values('tutorteste1','18575833707','M','81908765423');
insert into sghvet.tutor (nome, cpf, sexo, contato)values('tutorteste2','26842425859','F','81908766483');
insert into sghvet.tutor (nome, cpf, sexo, contato)values('tutorteste3','04920772157','M','81908765423');
insert into sghvet.tutor (nome, cpf, sexo, contato)values('tutorteste4','45365557735','F','81908766483');
insert into sghvet.tutor (nome, cpf, sexo, contato)values('tutorteste5','70930613708','M','81908765423');
insert into sghvet.tutor (nome, cpf, sexo, contato)values('tutorteste6','18110315607','F','81908766483');
insert into sghvet.tutor (nome, cpf, sexo, contato)values('tutorteste7','46483313209','M','81908765423');
insert into sghvet.tutor (nome, cpf, sexo, contato)values('tutorteste8','15267770299','F','81908766483');
insert into sghvet.tutor (nome, cpf, sexo, contato)values('tutorteste9','00882858041','M','81908765423');
insert into sghvet.tutor (nome, cpf, sexo, contato)values('tutorteste10','92561652793','F','81908766483');

-- ENDERECO TUTOR
insert into endereco (rua, bairro, numero, complemento, cep, cidade, estado, cpfTutor) values ('Rua um','Bairro Novo', 80,'onde o vento faz a curva' ,'53140060','Olinda', 'PE' ,'18575833707');
insert into endereco (rua, bairro, numero, complemento, cep, cidade, estado, cpfTutor) values ('Rua dois','Bairro Velho', 90,'onde o vento faz a curva' ,'53140150','Recife', 'PE' ,'26842425859');
-- ENDERECO TUTOR
insert into endereco (rua, bairro, numero, complemento, cep, cidade, estado, cpfTutor) values ('Rua tres','Bairro Novo', 80,'onde o vento faz a curva' ,'53140060','Olinda', 'PE' ,'04920772157');
insert into endereco (rua, bairro, numero, complemento, cep, cidade, estado, cpfTutor) values ('Rua quatro','Bairro Velho', 90,'onde o vento faz a curva' ,'53140150','Recife', 'PE' ,'45365557735');
-- ENDERECO TUTOR
insert into endereco (rua, bairro, numero, complemento, cep, cidade, estado, cpfTutor) values ('Rua cinco','Bairro Novo', 80,'onde o vento faz a curva' ,'53140060','Olinda', 'PE' ,'70930613708');
insert into endereco (rua, bairro, numero, complemento, cep, cidade, estado, cpfTutor) values ('Rua seis','Bairro Velho', 90,'onde o vento faz a curva' ,'53140150','Recife', 'PE' ,'18110315607');
-- ENDERECO TUTOR
insert into endereco (rua, bairro, numero, complemento, cep, cidade, estado, cpfTutor) values ('Rua sete','Bairro Novo', 80,'onde o vento faz a curva' ,'53140060','Olinda', 'PE' ,'46483313209');
insert into endereco (rua, bairro, numero, complemento, cep, cidade, estado, cpfTutor) values ('Rua oito','Bairro Velho', 90,'onde o vento faz a curva' ,'53140150','Recife', 'PE' ,'15267770299');
-- ENDERECO TUTOR
insert into endereco (rua, bairro, numero, complemento, cep, cidade, estado, cpfTutor) values ('Rua nove','Bairro Novo', 80,'onde o vento faz a curva' ,'53140060','Olinda', 'PE' ,'00882858041');
insert into endereco (rua, bairro, numero, complemento, cep, cidade, estado, cpfTutor) values ('Rua dez','Bairro Velho', 90,'onde o vento faz a curva' ,'53140150','Recife', 'PE' ,'92561652793');


-- ANIMAL
insert into sghvet.animal (nome, especie, raca, pelagem, peso, sexo, idade, cpfTutor)values('ringo','CACHORRO','Afghan Hound','pelo fofo',5.5,'M',4,'18575833707');
insert into sghvet.animal (nome, especie, raca, pelagem, peso, sexo, idade, cpfTutor)values('rex','CACHORRO','Airedale Terrier','pouco pelo',10.2,'M',5,'26842425859');

insert into sghvet.animal (nome, especie, raca, pelagem, peso, sexo, idade, cpfTutor)values('tulipa','CACHORRO','Akita','pelo fofo',5.5,'M',4,'18575833707');
insert into sghvet.animal (nome, especie, raca, pelagem, peso, sexo, idade, cpfTutor)values('abraao','CACHORRO','Australian Cattle Dog','pouco pelo',10.2,'M',5,'26842425859');

insert into sghvet.animal (nome, especie, raca, pelagem, peso, sexo, idade, cpfTutor)values('nox','CACHORRO','yorkshire','pelo fofo',5.5,'M',4,'18575833707');
insert into sghvet.animal (nome, especie, raca, pelagem, peso, sexo, idade, cpfTutor)values('poto','GATO','Angorá','pouco pelo',10.2,'M',5,'26842425859');

insert into sghvet.animal (nome, especie, raca, pelagem, peso, sexo, idade, cpfTutor)values('bruno','GATO','Burmese','pelo fofo',5.5,'M',4,'18575833707');
insert into sghvet.animal (nome, especie, raca, pelagem, peso, sexo, idade, cpfTutor)values('alex','GATO','Norwegian Forest','pouco pelo',10.2,'M',5,'15267770299');

insert into sghvet.animal (nome, especie, raca, pelagem, peso, sexo, idade, cpfTutor)values('freddy','GATO','Devon Rex','pelo fofo',5.5,'M',4,'18575833707');
insert into sghvet.animal (nome, especie, raca, pelagem, peso, sexo, idade, cpfTutor)values('popo','GATO','Sagrado da Birmânia','pouco pelo',10.2,'M',5,'26842425859');


-- ----------------------------------------------------------------------------------------------
-- RAÇAS E ESPECIES 
insert into sghvet.especie (nome) values ('CACHORRO');
insert into sghvet.especie (nome) values ('GATO');

-- especies cachorro
load data infile 'F:/Banco de dados SGHvet/racaCachorro.csv' into table sghvet.raça fields terminated by ';' lines terminated by '\r\n' (nome,cod_esp);

-- especies gato

load data infile 'F:/Banco de dados SGHvet/racaGato.csv' into table sghvet.raça fields terminated by ';' lines terminated by '\r\n' (nome,cod_esp);

-- ----------------------------------------------------------------------------------------------

-- CONSULTA
INSERT INTO sghvet.consulta (dia, horario, cpf_tutor, prontuario, cpf_vet) values ('2018-02-20','15:00','18575833707',1,'15887739223');
INSERT INTO sghvet.consulta (dia, horario, cpf_tutor, prontuario, cpf_vet) values ('2018-03-10','16:00','26842425859',2,'35104314308');

-- REQ_EXAME
insert into sghvet.exame (cpf_aux,cpf_tutor,prontuario,data_exame,realizado) values ('92111807320','18575833707',1,'2018-02-22',1);
insert into sghvet.exame (cpf_aux,cpf_tutor,prontuario,data_exame,realizado) values ('92111807320','26842425859',2,'2018-03-11',0);

